"filename", "language", "JavaScript", "Solidity", "TypeScript", "JavaScript React", "Markdown", "JSON", "Rust", "JSON with Comments", "CSS", "TypeScript React", "XML", "SCSS", "Yul", "comment", "blank", "total"
"/Users/user/init/1day10k/2022/202301/0109-0116/0109/chainlink.sol", "Solidity", 0, 79, 0, 0, 0, 0, 0, 0, 0, 0, 0, 0, 0, 23, 16, 118
"/Users/user/init/1day10k/2022/202301/0109-0116/0109/example/example.cjs", "JavaScript", 0, 0, 0, 0, 0, 0, 0, 0, 0, 0, 0, 0, 0, 0, 1, 1
"/Users/user/init/1day10k/2022/202301/0109-0116/0109/example/example.jsx", "JavaScript React", 0, 0, 0, 0, 0, 0, 0, 0, 0, 0, 0, 0, 0, 0, 1, 1
"/Users/user/init/1day10k/2022/202301/0109-0116/0109/example/example.ts", "TypeScript", 0, 0, 0, 0, 0, 0, 0, 0, 0, 0, 0, 0, 0, 0, 1, 1
"/Users/user/init/1day10k/2022/202301/0109-0116/0109/example/mvc/api/express.js", "JavaScript", 0, 0, 0, 0, 0, 0, 0, 0, 0, 0, 0, 0, 0, 0, 1, 1
"/Users/user/init/1day10k/2022/202301/0109-0116/0109/example/mvc/api/statement.js", "JavaScript", 0, 0, 0, 0, 0, 0, 0, 0, 0, 0, 0, 0, 0, 0, 1, 1
"/Users/user/init/1day10k/2022/202301/0109-0116/0109/example/mvc/db/bd.js", "JavaScript", 0, 0, 0, 0, 0, 0, 0, 0, 0, 0, 0, 0, 0, 0, 1, 1
"/Users/user/init/1day10k/2022/202301/0109-0116/0109/example/mvc/view/react/react.jsx", "JavaScript React", 0, 0, 0, 0, 0, 0, 0, 0, 0, 0, 0, 0, 0, 0, 1, 1
"/Users/user/init/1day10k/2022/202301/0109-0116/0109/example/mvc/view/react/recoil.jsx", "JavaScript React", 0, 0, 0, 0, 0, 0, 0, 0, 0, 0, 0, 0, 0, 0, 1, 1
"/Users/user/init/1day10k/2022/202301/0109-0116/0109/example/mvc/view/style/example.scss", "SCSS", 0, 0, 0, 0, 0, 0, 0, 0, 0, 0, 0, 0, 0, 0, 1, 1
"/Users/user/init/1day10k/2022/202301/0109-0116/0109/example/mvc/view/style/styled.css", "CSS", 0, 0, 0, 0, 0, 0, 0, 0, 0, 0, 0, 0, 0, 0, 1, 1
"/Users/user/init/1day10k/2022/202301/0109-0116/0109/example/other/mvc/api/rs/example.rs", "Rust", 0, 0, 0, 0, 0, 0, 0, 0, 0, 0, 0, 0, 0, 0, 1, 1
"/Users/user/init/1day10k/2022/202301/0109-0116/0109/example/other/mvc/api/rs/express.rs", "Rust", 0, 0, 0, 0, 0, 0, 0, 0, 0, 0, 0, 0, 0, 0, 1, 1
"/Users/user/init/1day10k/2022/202301/0109-0116/0109/example/other/mvc/api/rs/statement.rs", "Rust", 0, 0, 0, 0, 0, 0, 0, 0, 0, 0, 0, 0, 0, 0, 1, 1
"/Users/user/init/1day10k/2022/202301/0109-0116/0109/example/other/mvc/api/sol/example.sol", "Solidity", 0, 0, 0, 0, 0, 0, 0, 0, 0, 0, 0, 0, 0, 0, 1, 1
"/Users/user/init/1day10k/2022/202301/0109-0116/0109/example/other/mvc/api/sol/express.sol", "Solidity", 0, 0, 0, 0, 0, 0, 0, 0, 0, 0, 0, 0, 0, 0, 1, 1
"/Users/user/init/1day10k/2022/202301/0109-0116/0109/example/other/mvc/api/sol/statement.sol", "Solidity", 0, 0, 0, 0, 0, 0, 0, 0, 0, 0, 0, 0, 0, 0, 1, 1
"/Users/user/init/1day10k/2022/202301/0109-0116/0109/example/other/mvc/view/react/statement.js", "JavaScript", 0, 0, 0, 0, 0, 0, 0, 0, 0, 0, 0, 0, 0, 0, 1, 1
"/Users/user/init/1day10k/2022/202301/0109-0116/0109/example/other/mvc/view/react/statement.jsx", "JavaScript React", 0, 0, 0, 0, 0, 0, 0, 0, 0, 0, 0, 0, 0, 0, 1, 1
"/Users/user/init/1day10k/2022/202301/0109-0116/0109/example/other/mvc/view/style/style.css", "CSS", 0, 0, 0, 0, 0, 0, 0, 0, 0, 0, 0, 0, 0, 0, 1, 1
"/Users/user/init/1day10k/2022/202301/0109-0116/0109/example/other/test/example.test.js", "JavaScript", 0, 0, 0, 0, 0, 0, 0, 0, 0, 0, 0, 0, 0, 0, 1, 1
"/Users/user/init/1day10k/2022/202301/0109-0116/0109/example/test/chai.test.js", "JavaScript", 0, 0, 0, 0, 0, 0, 0, 0, 0, 0, 0, 0, 0, 0, 1, 1
"/Users/user/init/1day10k/2022/202301/0109-0116/0109/example/test/jest.test.js", "JavaScript", 0, 0, 0, 0, 0, 0, 0, 0, 0, 0, 0, 0, 0, 0, 1, 1
"/Users/user/init/1day10k/2022/202301/0109-0116/0109/line.md", "Markdown", 0, 0, 0, 0, 16, 0, 0, 0, 0, 0, 0, 0, 0, 0, 1, 17
"/Users/user/init/1day10k/2022/202301/0109-0116/0109/metamask.ts", "TypeScript", 0, 0, 53, 0, 0, 0, 0, 0, 0, 0, 0, 0, 0, 19, 18, 90
"/Users/user/init/1day10k/2022/202301/0109-0116/0109/mvc/api/actix.rs", "Rust", 0, 0, 0, 0, 0, 0, 0, 0, 0, 0, 0, 0, 0, 0, 1, 1
"/Users/user/init/1day10k/2022/202301/0109-0116/0109/mvc/api/nest.ts", "TypeScript", 0, 0, 0, 0, 0, 0, 0, 0, 0, 0, 0, 0, 0, 0, 1, 1
"/Users/user/init/1day10k/2022/202301/0109-0116/0109/mvc/db/prisma.js", "JavaScript", 0, 0, 0, 0, 0, 0, 0, 0, 0, 0, 0, 0, 0, 0, 1, 1
"/Users/user/init/1day10k/2022/202301/0109-0116/0109/mvc/db/sea-ql.rs", "Rust", 0, 0, 0, 0, 0, 0, 0, 0, 0, 0, 0, 0, 0, 0, 1, 1
"/Users/user/init/1day10k/2022/202301/0109-0116/0109/mvc/view/next.jsx", "JavaScript React", 0, 0, 0, 65, 0, 0, 0, 0, 0, 0, 0, 0, 0, 6, 21, 92
"/Users/user/init/1day10k/2022/202301/0109-0116/0109/mvc/view/react.jsx", "JavaScript React", 0, 0, 0, 88, 0, 0, 0, 0, 0, 0, 0, 0, 0, 17, 24, 129
"/Users/user/init/1day10k/2022/202301/0109-0116/0109/mvc/view/recoil.jsx", "JavaScript React", 0, 0, 0, 358, 0, 0, 0, 0, 0, 0, 0, 0, 0, 35, 83, 476
"/Users/user/init/1day10k/2022/202301/0109-0116/0109/ts.ts", "TypeScript", 0, 0, 0, 0, 0, 0, 0, 0, 0, 0, 0, 0, 0, 1, 1, 2
"/Users/user/init/1day10k/2022/202301/0109-0116/0109/web3.js", "JavaScript", 186, 0, 0, 0, 0, 0, 0, 0, 0, 0, 0, 0, 0, 57, 72, 315
"/Users/user/init/1day10k/2022/202301/0109-0116/0109/zep.sol", "Solidity", 0, 0, 0, 0, 0, 0, 0, 0, 0, 0, 0, 0, 0, 0, 1, 1
"/Users/user/init/1day10k/2022/202301/0109-0116/0110/artifacts/Caller.json", "JSON", 0, 0, 0, 0, 0, 2945, 0, 0, 0, 0, 0, 0, 0, 0, 0, 2945
"/Users/user/init/1day10k/2022/202301/0109-0116/0110/artifacts/Caller_metadata.json", "JSON", 0, 0, 0, 0, 0, 91, 0, 0, 0, 0, 0, 0, 0, 0, 0, 91
"/Users/user/init/1day10k/2022/202301/0109-0116/0110/artifacts/Receiver.json", "JSON", 0, 0, 0, 0, 0, 4042, 0, 0, 0, 0, 0, 0, 0, 0, 0, 4042
"/Users/user/init/1day10k/2022/202301/0109-0116/0110/artifacts/Receiver_metadata.json", "JSON", 0, 0, 0, 0, 0, 99, 0, 0, 0, 0, 0, 0, 0, 0, 0, 99
"/Users/user/init/1day10k/2022/202301/0109-0116/0110/call.sol", "Solidity", 0, 121, 0, 0, 0, 0, 0, 0, 0, 0, 0, 0, 0, 11, 34, 166
"/Users/user/init/1day10k/2022/202301/0109-0116/0110/chainlink.sol", "Solidity", 0, 94, 0, 0, 0, 0, 0, 0, 0, 0, 0, 0, 0, 4, 31, 129
"/Users/user/init/1day10k/2022/202301/0109-0116/0110/exam.sol", "Solidity", 0, 51, 0, 0, 0, 0, 0, 0, 0, 0, 0, 0, 0, 14, 21, 86
"/Users/user/init/1day10k/2022/202301/0109-0116/0110/mvc/api/actix.rs", "Rust", 0, 0, 0, 0, 0, 0, 0, 0, 0, 0, 0, 0, 0, 0, 1, 1
"/Users/user/init/1day10k/2022/202301/0109-0116/0110/mvc/api/nest.ts", "TypeScript", 0, 0, 0, 0, 0, 0, 0, 0, 0, 0, 0, 0, 0, 0, 1, 1
"/Users/user/init/1day10k/2022/202301/0109-0116/0110/mvc/db/prisma.js", "JavaScript", 0, 0, 0, 0, 0, 0, 0, 0, 0, 0, 0, 0, 0, 0, 1, 1
"/Users/user/init/1day10k/2022/202301/0109-0116/0110/mvc/db/sea-ql.rs", "Rust", 0, 0, 0, 0, 0, 0, 0, 0, 0, 0, 0, 0, 0, 0, 1, 1
"/Users/user/init/1day10k/2022/202301/0109-0116/0110/mvc/example/mvc/api/example.cjs", "JavaScript", 0, 0, 0, 0, 0, 0, 0, 0, 0, 0, 0, 0, 0, 0, 1, 1
"/Users/user/init/1day10k/2022/202301/0109-0116/0110/mvc/example/mvc/api/example.ts", "TypeScript", 0, 0, 0, 0, 0, 0, 0, 0, 0, 0, 0, 0, 0, 0, 1, 1
"/Users/user/init/1day10k/2022/202301/0109-0116/0110/mvc/example/mvc/api/express.js", "JavaScript", 0, 0, 0, 0, 0, 0, 0, 0, 0, 0, 0, 0, 0, 0, 1, 1
"/Users/user/init/1day10k/2022/202301/0109-0116/0110/mvc/example/mvc/api/statement.js", "JavaScript", 0, 0, 0, 0, 0, 0, 0, 0, 0, 0, 0, 0, 0, 0, 1, 1
"/Users/user/init/1day10k/2022/202301/0109-0116/0110/mvc/example/mvc/db/bd.js", "JavaScript", 0, 0, 0, 0, 0, 0, 0, 0, 0, 0, 0, 0, 0, 0, 1, 1
"/Users/user/init/1day10k/2022/202301/0109-0116/0110/mvc/example/mvc/view/example.jsx", "JavaScript React", 0, 0, 0, 0, 0, 0, 0, 0, 0, 0, 0, 0, 0, 0, 1, 1
"/Users/user/init/1day10k/2022/202301/0109-0116/0110/mvc/example/mvc/view/react/react.jsx", "JavaScript React", 0, 0, 0, 0, 0, 0, 0, 0, 0, 0, 0, 0, 0, 0, 1, 1
"/Users/user/init/1day10k/2022/202301/0109-0116/0110/mvc/example/mvc/view/react/recoil.jsx", "JavaScript React", 0, 0, 0, 0, 0, 0, 0, 0, 0, 0, 0, 0, 0, 0, 1, 1
"/Users/user/init/1day10k/2022/202301/0109-0116/0110/mvc/example/mvc/view/style/example.scss", "SCSS", 0, 0, 0, 0, 0, 0, 0, 0, 0, 0, 0, 0, 0, 0, 1, 1
"/Users/user/init/1day10k/2022/202301/0109-0116/0110/mvc/example/mvc/view/style/styled.css", "CSS", 0, 0, 0, 0, 0, 0, 0, 0, 0, 0, 0, 0, 0, 0, 1, 1
"/Users/user/init/1day10k/2022/202301/0109-0116/0110/mvc/example/other/mvc/api/rs/example.rs", "Rust", 0, 0, 0, 0, 0, 0, 0, 0, 0, 0, 0, 0, 0, 0, 1, 1
"/Users/user/init/1day10k/2022/202301/0109-0116/0110/mvc/example/other/mvc/api/rs/express.rs", "Rust", 0, 0, 0, 0, 0, 0, 0, 0, 0, 0, 0, 0, 0, 0, 1, 1
"/Users/user/init/1day10k/2022/202301/0109-0116/0110/mvc/example/other/mvc/api/rs/statement.rs", "Rust", 0, 0, 0, 0, 0, 0, 0, 0, 0, 0, 0, 0, 0, 0, 1, 1
"/Users/user/init/1day10k/2022/202301/0109-0116/0110/mvc/example/other/mvc/api/sol/example.sol", "Solidity", 0, 0, 0, 0, 0, 0, 0, 0, 0, 0, 0, 0, 0, 0, 1, 1
"/Users/user/init/1day10k/2022/202301/0109-0116/0110/mvc/example/other/mvc/api/sol/express.sol", "Solidity", 0, 0, 0, 0, 0, 0, 0, 0, 0, 0, 0, 0, 0, 0, 1, 1
"/Users/user/init/1day10k/2022/202301/0109-0116/0110/mvc/example/other/mvc/api/sol/statement.sol", "Solidity", 0, 0, 0, 0, 0, 0, 0, 0, 0, 0, 0, 0, 0, 0, 1, 1
"/Users/user/init/1day10k/2022/202301/0109-0116/0110/mvc/example/other/mvc/view/react/statement.js", "JavaScript", 0, 0, 0, 0, 0, 0, 0, 0, 0, 0, 0, 0, 0, 0, 1, 1
"/Users/user/init/1day10k/2022/202301/0109-0116/0110/mvc/example/other/mvc/view/react/statement.jsx", "JavaScript React", 0, 0, 0, 0, 0, 0, 0, 0, 0, 0, 0, 0, 0, 0, 1, 1
"/Users/user/init/1day10k/2022/202301/0109-0116/0110/mvc/example/other/mvc/view/style/style.css", "CSS", 0, 0, 0, 0, 0, 0, 0, 0, 0, 0, 0, 0, 0, 0, 1, 1
"/Users/user/init/1day10k/2022/202301/0109-0116/0110/mvc/example/other/test/example.test.js", "JavaScript", 0, 0, 0, 0, 0, 0, 0, 0, 0, 0, 0, 0, 0, 0, 1, 1
"/Users/user/init/1day10k/2022/202301/0109-0116/0110/mvc/example/test/chai.test.js", "JavaScript", 0, 0, 0, 0, 0, 0, 0, 0, 0, 0, 0, 0, 0, 0, 1, 1
"/Users/user/init/1day10k/2022/202301/0109-0116/0110/mvc/example/test/jest.test.js", "JavaScript", 0, 0, 0, 0, 0, 0, 0, 0, 0, 0, 0, 0, 0, 0, 1, 1
"/Users/user/init/1day10k/2022/202301/0109-0116/0110/mvc/view/next.jsx", "JavaScript React", 0, 0, 0, 0, 0, 0, 0, 0, 0, 0, 0, 0, 0, 0, 1, 1
"/Users/user/init/1day10k/2022/202301/0109-0116/0110/mvc/view/react.jsx", "JavaScript React", 0, 0, 0, 0, 0, 0, 0, 0, 0, 0, 0, 0, 0, 0, 1, 1
"/Users/user/init/1day10k/2022/202301/0109-0116/0110/mvc/view/recoil.jsx", "JavaScript React", 0, 0, 0, 0, 0, 0, 0, 0, 0, 0, 0, 0, 0, 0, 1, 1
"/Users/user/init/1day10k/2022/202301/0109-0116/0110/my-app/README.md", "Markdown", 0, 0, 0, 0, 21, 0, 0, 0, 0, 0, 0, 0, 0, 0, 16, 37
"/Users/user/init/1day10k/2022/202301/0109-0116/0110/my-app/next.config.js", "JavaScript", 4, 0, 0, 0, 0, 0, 0, 0, 0, 0, 0, 0, 0, 1, 2, 7
"/Users/user/init/1day10k/2022/202301/0109-0116/0110/my-app/package-lock.json", "JSON", 0, 0, 0, 0, 0, 729, 0, 0, 0, 0, 0, 0, 0, 0, 1, 730
"/Users/user/init/1day10k/2022/202301/0109-0116/0110/my-app/package.json", "JSON", 0, 0, 0, 0, 0, 21, 0, 0, 0, 0, 0, 0, 0, 0, 1, 22
"/Users/user/init/1day10k/2022/202301/0109-0116/0110/my-app/pages/_app.tsx", "TypeScript React", 0, 0, 0, 0, 0, 0, 0, 0, 0, 5, 0, 0, 0, 0, 2, 7
"/Users/user/init/1day10k/2022/202301/0109-0116/0110/my-app/pages/_document.tsx", "TypeScript React", 0, 0, 0, 0, 0, 0, 0, 0, 0, 12, 0, 0, 0, 0, 2, 14
"/Users/user/init/1day10k/2022/202301/0109-0116/0110/my-app/pages/api/hello.ts", "TypeScript", 0, 0, 10, 0, 0, 0, 0, 0, 0, 0, 0, 0, 0, 1, 3, 14
"/Users/user/init/1day10k/2022/202301/0109-0116/0110/my-app/pages/componets/ActiveLink.jsx", "JavaScript React", 0, 0, 0, 18, 0, 0, 0, 0, 0, 0, 0, 0, 0, 0, 5, 23
"/Users/user/init/1day10k/2022/202301/0109-0116/0110/my-app/pages/componets/beforePopState.jsx", "JavaScript React", 0, 0, 0, 15, 0, 0, 0, 0, 0, 0, 0, 0, 0, 2, 5, 22
"/Users/user/init/1day10k/2022/202301/0109-0116/0110/my-app/pages/componets/login.jsx", "JavaScript React", 0, 0, 0, 13, 0, 0, 0, 0, 0, 0, 0, 0, 0, 1, 5, 19
"/Users/user/init/1day10k/2022/202301/0109-0116/0110/my-app/pages/componets/test.jsx", "JavaScript React", 0, 0, 0, 14, 0, 0, 0, 0, 0, 0, 0, 0, 0, 0, 2, 16
"/Users/user/init/1day10k/2022/202301/0109-0116/0110/my-app/pages/index.tsx", "TypeScript React", 0, 0, 0, 0, 0, 0, 0, 0, 0, 117, 0, 0, 0, 1, 9, 127
"/Users/user/init/1day10k/2022/202301/0109-0116/0110/my-app/pages/recoil/recoil.jsx", "JavaScript React", 0, 0, 0, 16, 0, 0, 0, 0, 0, 0, 0, 0, 0, 0, 4, 20
"/Users/user/init/1day10k/2022/202301/0109-0116/0110/my-app/pages/recoil/recoil.tsx", "TypeScript React", 0, 0, 0, 0, 0, 0, 0, 0, 0, 29, 0, 0, 0, 0, 10, 39
"/Users/user/init/1day10k/2022/202301/0109-0116/0110/my-app/pages/recoil/router.jsx", "JavaScript React", 0, 0, 0, 36, 0, 0, 0, 0, 0, 0, 0, 0, 0, 4, 13, 53
"/Users/user/init/1day10k/2022/202301/0109-0116/0110/my-app/pages/recoil/sync.jsx", "JavaScript React", 0, 0, 0, 41, 0, 0, 0, 0, 0, 0, 0, 0, 0, 0, 7, 48
"/Users/user/init/1day10k/2022/202301/0109-0116/0110/my-app/public/next.svg", "XML", 0, 0, 0, 0, 0, 0, 0, 0, 0, 0, 1, 0, 0, 0, 0, 1
"/Users/user/init/1day10k/2022/202301/0109-0116/0110/my-app/public/thirteen.svg", "XML", 0, 0, 0, 0, 0, 0, 0, 0, 0, 0, 1, 0, 0, 0, 0, 1
"/Users/user/init/1day10k/2022/202301/0109-0116/0110/my-app/public/vercel.svg", "XML", 0, 0, 0, 0, 0, 0, 0, 0, 0, 0, 1, 0, 0, 0, 0, 1
"/Users/user/init/1day10k/2022/202301/0109-0116/0110/my-app/styles/Home.module.css", "CSS", 0, 0, 0, 0, 0, 0, 0, 0, 236, 0, 0, 0, 0, 5, 38, 279
"/Users/user/init/1day10k/2022/202301/0109-0116/0110/my-app/styles/globals.css", "CSS", 0, 0, 0, 0, 0, 0, 0, 0, 94, 0, 0, 0, 0, 0, 14, 108
"/Users/user/init/1day10k/2022/202301/0109-0116/0110/my-app/tsconfig.json", "JSON with Comments", 0, 0, 0, 0, 0, 0, 0, 20, 0, 0, 0, 0, 0, 0, 1, 21
"/Users/user/init/1day10k/2022/202301/0109-0116/0110/sol/README.md", "Markdown", 0, 0, 0, 0, 10, 0, 0, 0, 0, 0, 0, 0, 0, 0, 4, 14
"/Users/user/init/1day10k/2022/202301/0109-0116/0110/sol/chainlink.sol", "Solidity", 0, 0, 0, 0, 0, 0, 0, 0, 0, 0, 0, 0, 0, 0, 1, 1
"/Users/user/init/1day10k/2022/202301/0109-0116/0110/sol/contracts/Lock.sol", "Solidity", 0, 20, 0, 0, 0, 0, 0, 0, 0, 0, 0, 0, 0, 5, 10, 35
"/Users/user/init/1day10k/2022/202301/0109-0116/0110/sol/hardhat.config.js", "JavaScript", 4, 0, 0, 0, 0, 0, 0, 0, 0, 0, 0, 0, 0, 1, 2, 7
"/Users/user/init/1day10k/2022/202301/0109-0116/0110/sol/package-lock.json", "JSON", 0, 0, 0, 0, 0, 15920, 0, 0, 0, 0, 0, 0, 0, 0, 1, 15921
"/Users/user/init/1day10k/2022/202301/0109-0116/0110/sol/package.json", "JSON", 0, 0, 0, 0, 0, 7, 0, 0, 0, 0, 0, 0, 0, 0, 1, 8
"/Users/user/init/1day10k/2022/202301/0109-0116/0110/sol/scripts/deploy.js", "JavaScript", 17, 0, 0, 0, 0, 0, 0, 0, 0, 0, 0, 0, 0, 8, 7, 32
"/Users/user/init/1day10k/2022/202301/0109-0116/0110/sol/test/Lock.js", "JavaScript", 92, 0, 0, 0, 0, 0, 0, 0, 0, 0, 0, 0, 0, 8, 27, 127
"/Users/user/init/1day10k/2022/202301/0109-0116/0110/zep.sol", "Solidity", 0, 45, 0, 0, 0, 0, 0, 0, 0, 0, 0, 0, 0, 4, 14, 63
"/Users/user/init/1day10k/2022/202301/0109-0116/0111/artifacts/AbiDecode.json", "JSON", 0, 0, 0, 0, 0, 11735, 0, 0, 0, 0, 0, 0, 0, 0, 0, 11735
"/Users/user/init/1day10k/2022/202301/0109-0116/0111/artifacts/AbiDecode_metadata.json", "JSON", 0, 0, 0, 0, 0, 138, 0, 0, 0, 0, 0, 0, 0, 0, 0, 138
"/Users/user/init/1day10k/2022/202301/0109-0116/0111/artifacts/AbiEncode.json", "JSON", 0, 0, 0, 0, 0, 3940, 0, 0, 0, 0, 0, 0, 0, 0, 0, 3940
"/Users/user/init/1day10k/2022/202301/0109-0116/0111/artifacts/AbiEncode_metadata.json", "JSON", 0, 0, 0, 0, 0, 136, 0, 0, 0, 0, 0, 0, 0, 0, 0, 136
"/Users/user/init/1day10k/2022/202301/0109-0116/0111/artifacts/Array.json", "JSON", 0, 0, 0, 0, 0, 2338, 0, 0, 0, 0, 0, 0, 0, 0, 0, 2338
"/Users/user/init/1day10k/2022/202301/0109-0116/0111/artifacts/Array_metadata.json", "JSON", 0, 0, 0, 0, 0, 188, 0, 0, 0, 0, 0, 0, 0, 0, 0, 188
"/Users/user/init/1day10k/2022/202301/0109-0116/0111/artifacts/DutchAuction.json", "JSON", 0, 0, 0, 0, 0, 5229, 0, 0, 0, 0, 0, 0, 0, 0, 0, 5229
"/Users/user/init/1day10k/2022/202301/0109-0116/0111/artifacts/DutchAuction_metadata.json", "JSON", 0, 0, 0, 0, 0, 183, 0, 0, 0, 0, 0, 0, 0, 0, 0, 183
"/Users/user/init/1day10k/2022/202301/0109-0116/0111/artifacts/ERC721.json", "JSON", 0, 0, 0, 0, 0, 8832, 0, 0, 0, 0, 0, 0, 0, 0, 0, 8832
"/Users/user/init/1day10k/2022/202301/0109-0116/0111/artifacts/ERC721_metadata.json", "JSON", 0, 0, 0, 0, 0, 331, 0, 0, 0, 0, 0, 0, 0, 0, 0, 331
"/Users/user/init/1day10k/2022/202301/0109-0116/0111/artifacts/EnglishAuction.json", "JSON", 0, 0, 0, 0, 0, 6627, 0, 0, 0, 0, 0, 0, 0, 0, 0, 6627
"/Users/user/init/1day10k/2022/202301/0109-0116/0111/artifacts/EnglishAuction_metadata.json", "JSON", 0, 0, 0, 0, 0, 281, 0, 0, 0, 0, 0, 0, 0, 0, 0, 281
"/Users/user/init/1day10k/2022/202301/0109-0116/0111/artifacts/Enum.json", "JSON", 0, 0, 0, 0, 0, 1175, 0, 0, 0, 0, 0, 0, 0, 0, 0, 1175
"/Users/user/init/1day10k/2022/202301/0109-0116/0111/artifacts/Enum_metadata.json", "JSON", 0, 0, 0, 0, 0, 99, 0, 0, 0, 0, 0, 0, 0, 0, 0, 99
"/Users/user/init/1day10k/2022/202301/0109-0116/0111/artifacts/GasGolf.json", "JSON", 0, 0, 0, 0, 0, 1849, 0, 0, 0, 0, 0, 0, 0, 0, 0, 1849
"/Users/user/init/1day10k/2022/202301/0109-0116/0111/artifacts/GasGolf_metadata.json", "JSON", 0, 0, 0, 0, 0, 72, 0, 0, 0, 0, 0, 0, 0, 0, 0, 72
"/Users/user/init/1day10k/2022/202301/0109-0116/0111/artifacts/GuessTheMagicWord.json", "JSON", 0, 0, 0, 0, 0, 2864, 0, 0, 0, 0, 0, 0, 0, 0, 0, 2864
"/Users/user/init/1day10k/2022/202301/0109-0116/0111/artifacts/GuessTheMagicWord_metadata.json", "JSON", 0, 0, 0, 0, 0, 78, 0, 0, 0, 0, 0, 0, 0, 0, 0, 78
"/Users/user/init/1day10k/2022/202301/0109-0116/0111/artifacts/HashFunction.json", "JSON", 0, 0, 0, 0, 0, 4400, 0, 0, 0, 0, 0, 0, 0, 0, 0, 4400
"/Users/user/init/1day10k/2022/202301/0109-0116/0111/artifacts/HashFunction_metadata.json", "JSON", 0, 0, 0, 0, 0, 99, 0, 0, 0, 0, 0, 0, 0, 0, 0, 99
"/Users/user/init/1day10k/2022/202301/0109-0116/0111/artifacts/IERC165.json", "JSON", 0, 0, 0, 0, 0, 76, 0, 0, 0, 0, 0, 0, 0, 0, 0, 76
"/Users/user/init/1day10k/2022/202301/0109-0116/0111/artifacts/IERC165_metadata.json", "JSON", 0, 0, 0, 0, 0, 65, 0, 0, 0, 0, 0, 0, 0, 0, 0, 65
"/Users/user/init/1day10k/2022/202301/0109-0116/0111/artifacts/IERC20.json", "JSON", 0, 0, 0, 0, 0, 245, 0, 0, 0, 0, 0, 0, 0, 0, 0, 245
"/Users/user/init/1day10k/2022/202301/0109-0116/0111/artifacts/IERC20_metadata.json", "JSON", 0, 0, 0, 0, 0, 229, 0, 0, 0, 0, 0, 0, 0, 0, 0, 229
"/Users/user/init/1day10k/2022/202301/0109-0116/0111/artifacts/IERC721.json", "JSON", 0, 0, 0, 0, 0, 104, 0, 0, 0, 0, 0, 0, 0, 0, 0, 104
"/Users/user/init/1day10k/2022/202301/0109-0116/0111/artifacts/IERC721Receiver.json", "JSON", 0, 0, 0, 0, 0, 91, 0, 0, 0, 0, 0, 0, 0, 0, 0, 91
"/Users/user/init/1day10k/2022/202301/0109-0116/0111/artifacts/IERC721Receiver_metadata.json", "JSON", 0, 0, 0, 0, 0, 80, 0, 0, 0, 0, 0, 0, 0, 0, 0, 80
"/Users/user/init/1day10k/2022/202301/0109-0116/0111/artifacts/IERC721_metadata.json", "JSON", 0, 0, 0, 0, 0, 92, 0, 0, 0, 0, 0, 0, 0, 0, 0, 92
"/Users/user/init/1day10k/2022/202301/0109-0116/0111/artifacts/IUniswapV3Pool.json", "JSON", 0, 0, 0, 0, 0, 85, 0, 0, 0, 0, 0, 0, 0, 0, 0, 85
"/Users/user/init/1day10k/2022/202301/0109-0116/0111/artifacts/IUniswapV3Pool_metadata.json", "JSON", 0, 0, 0, 0, 0, 74, 0, 0, 0, 0, 0, 0, 0, 0, 0, 74
"/Users/user/init/1day10k/2022/202301/0109-0116/0111/artifacts/IWETH.json", "JSON", 0, 0, 0, 0, 0, 267, 0, 0, 0, 0, 0, 0, 0, 0, 0, 267
"/Users/user/init/1day10k/2022/202301/0109-0116/0111/artifacts/IWETH_metadata.json", "JSON", 0, 0, 0, 0, 0, 249, 0, 0, 0, 0, 0, 0, 0, 0, 0, 249
"/Users/user/init/1day10k/2022/202301/0109-0116/0111/artifacts/Loop.json", "JSON", 0, 0, 0, 0, 0, 387, 0, 0, 0, 0, 0, 0, 0, 0, 0, 387
"/Users/user/init/1day10k/2022/202301/0109-0116/0111/artifacts/Loop_metadata.json", "JSON", 0, 0, 0, 0, 0, 53, 0, 0, 0, 0, 0, 0, 0, 0, 0, 53
"/Users/user/init/1day10k/2022/202301/0109-0116/0111/artifacts/Mapping.json", "JSON", 0, 0, 0, 0, 0, 1499, 0, 0, 0, 0, 0, 0, 0, 0, 0, 1499
"/Users/user/init/1day10k/2022/202301/0109-0116/0111/artifacts/Mapping_metadata.json", "JSON", 0, 0, 0, 0, 0, 115, 0, 0, 0, 0, 0, 0, 0, 0, 0, 115
"/Users/user/init/1day10k/2022/202301/0109-0116/0111/artifacts/ModifiedAccessControl.json", "JSON", 0, 0, 0, 0, 0, 6117, 0, 0, 0, 0, 0, 0, 0, 0, 0, 6117
"/Users/user/init/1day10k/2022/202301/0109-0116/0111/artifacts/ModifiedAccessControl_metadata.json", "JSON", 0, 0, 0, 0, 0, 322, 0, 0, 0, 0, 0, 0, 0, 0, 0, 322
"/Users/user/init/1day10k/2022/202301/0109-0116/0111/artifacts/MyNFT.json", "JSON", 0, 0, 0, 0, 0, 10436, 0, 0, 0, 0, 0, 0, 0, 0, 0, 10436
"/Users/user/init/1day10k/2022/202301/0109-0116/0111/artifacts/MyNFT_metadata.json", "JSON", 0, 0, 0, 0, 0, 362, 0, 0, 0, 0, 0, 0, 0, 0, 0, 362
"/Users/user/init/1day10k/2022/202301/0109-0116/0111/artifacts/NestedMapping.json", "JSON", 0, 0, 0, 0, 0, 1941, 0, 0, 0, 0, 0, 0, 0, 0, 0, 1941
"/Users/user/init/1day10k/2022/202301/0109-0116/0111/artifacts/NestedMapping_metadata.json", "JSON", 0, 0, 0, 0, 0, 135, 0, 0, 0, 0, 0, 0, 0, 0, 0, 135
"/Users/user/init/1day10k/2022/202301/0109-0116/0111/artifacts/Payable.json", "JSON", 0, 0, 0, 0, 0, 2046, 0, 0, 0, 0, 0, 0, 0, 0, 0, 2046
"/Users/user/init/1day10k/2022/202301/0109-0116/0111/artifacts/Payable_metadata.json", "JSON", 0, 0, 0, 0, 0, 103, 0, 0, 0, 0, 0, 0, 0, 0, 0, 103
"/Users/user/init/1day10k/2022/202301/0109-0116/0111/artifacts/PoolAddress.json", "JSON", 0, 0, 0, 0, 0, 64, 0, 0, 0, 0, 0, 0, 0, 0, 0, 64
"/Users/user/init/1day10k/2022/202301/0109-0116/0111/artifacts/PoolAddress_metadata.json", "JSON", 0, 0, 0, 0, 0, 45, 0, 0, 0, 0, 0, 0, 0, 0, 0, 45
"/Users/user/init/1day10k/2022/202301/0109-0116/0111/artifacts/Todos.json", "JSON", 0, 0, 0, 0, 0, 6841, 0, 0, 0, 0, 0, 0, 0, 0, 0, 6841
"/Users/user/init/1day10k/2022/202301/0109-0116/0111/artifacts/Todos_metadata.json", "JSON", 0, 0, 0, 0, 0, 138, 0, 0, 0, 0, 0, 0, 0, 0, 0, 138
"/Users/user/init/1day10k/2022/202301/0109-0116/0111/artifacts/Token.json", "JSON", 0, 0, 0, 0, 0, 1066, 0, 0, 0, 0, 0, 0, 0, 0, 0, 1066
"/Users/user/init/1day10k/2022/202301/0109-0116/0111/artifacts/Token_metadata.json", "JSON", 0, 0, 0, 0, 0, 64, 0, 0, 0, 0, 0, 0, 0, 0, 0, 64
"/Users/user/init/1day10k/2022/202301/0109-0116/0111/artifacts/UniswapV3Flash.json", "JSON", 0, 0, 0, 0, 0, 10749, 0, 0, 0, 0, 0, 0, 0, 0, 0, 10749
"/Users/user/init/1day10k/2022/202301/0109-0116/0111/artifacts/UniswapV3Flash_metadata.json", "JSON", 0, 0, 0, 0, 0, 137, 0, 0, 0, 0, 0, 0, 0, 0, 0, 137
"/Users/user/init/1day10k/2022/202301/0109-0116/0111/artifacts/Vault.json", "JSON", 0, 0, 0, 0, 0, 4802, 0, 0, 0, 0, 0, 0, 0, 0, 0, 4802
"/Users/user/init/1day10k/2022/202301/0109-0116/0111/artifacts/Vault_metadata.json", "JSON", 0, 0, 0, 0, 0, 128, 0, 0, 0, 0, 0, 0, 0, 0, 0, 128
"/Users/user/init/1day10k/2022/202301/0109-0116/0111/artifacts/VerifySignature.json", "JSON", 0, 0, 0, 0, 0, 8322, 0, 0, 0, 0, 0, 0, 0, 0, 0, 8322
"/Users/user/init/1day10k/2022/202301/0109-0116/0111/artifacts/VerifySignature_metadata.json", "JSON", 0, 0, 0, 0, 0, 196, 0, 0, 0, 0, 0, 0, 0, 0, 0, 196
"/Users/user/init/1day10k/2022/202301/0109-0116/0111/backend/exampl.sol", "Solidity", 0, 11, 0, 0, 0, 0, 0, 0, 0, 0, 0, 0, 0, 2, 5, 18
"/Users/user/init/1day10k/2022/202301/0109-0116/0111/mvc/api/nest/express.js", "JavaScript", 0, 0, 0, 0, 0, 0, 0, 0, 0, 0, 0, 0, 0, 0, 1, 1
"/Users/user/init/1day10k/2022/202301/0109-0116/0111/mvc/api/nest/nest.ts", "TypeScript", 0, 0, 0, 0, 0, 0, 0, 0, 0, 0, 0, 0, 0, 0, 1, 1
"/Users/user/init/1day10k/2022/202301/0109-0116/0111/mvc/api/rust/actix.rs", "Rust", 0, 0, 0, 0, 0, 0, 0, 0, 0, 0, 0, 0, 0, 0, 1, 1
"/Users/user/init/1day10k/2022/202301/0109-0116/0111/mvc/api/sol/chainlink.sol", "Solidity", 0, 0, 0, 0, 0, 0, 0, 0, 0, 0, 0, 0, 0, 0, 1, 1
"/Users/user/init/1day10k/2022/202301/0109-0116/0111/mvc/api/sol/zep.sol", "Solidity", 0, 0, 0, 0, 0, 0, 0, 0, 0, 0, 0, 0, 0, 0, 1, 1
"/Users/user/init/1day10k/2022/202301/0109-0116/0111/mvc/db/prisma/prisma.js", "JavaScript", 0, 0, 0, 0, 0, 0, 0, 0, 0, 0, 0, 0, 0, 0, 1, 1
"/Users/user/init/1day10k/2022/202301/0109-0116/0111/mvc/db/rust/sea-ql.rs", "Rust", 0, 0, 0, 0, 0, 0, 0, 0, 0, 0, 0, 0, 0, 0, 1, 1
"/Users/user/init/1day10k/2022/202301/0109-0116/0111/mvc/view/react/next.jsx", "JavaScript React", 0, 0, 0, 0, 0, 0, 0, 0, 0, 0, 0, 0, 0, 0, 1, 1
"/Users/user/init/1day10k/2022/202301/0109-0116/0111/mvc/view/react/react.jsx", "JavaScript React", 0, 0, 0, 0, 0, 0, 0, 0, 0, 0, 0, 0, 0, 0, 1, 1
"/Users/user/init/1day10k/2022/202301/0109-0116/0111/mvc/view/react/recoil.jsx", "JavaScript React", 0, 0, 0, 0, 0, 0, 0, 0, 0, 0, 0, 0, 0, 0, 1, 1
"/Users/user/init/1day10k/2022/202301/0109-0116/0111/mvc/view/style/example.scss", "SCSS", 0, 0, 0, 0, 0, 0, 0, 0, 0, 0, 0, 0, 0, 0, 1, 1
"/Users/user/init/1day10k/2022/202301/0109-0116/0111/mvc/view/style/styled.css", "CSS", 0, 0, 0, 0, 0, 0, 0, 0, 0, 0, 0, 0, 0, 0, 1, 1
"/Users/user/init/1day10k/2022/202301/0109-0116/0111/next-app/README.md", "Markdown", 0, 0, 0, 0, 21, 0, 0, 0, 0, 0, 0, 0, 0, 0, 16, 37
"/Users/user/init/1day10k/2022/202301/0109-0116/0111/next-app/next.config.js", "JavaScript", 4, 0, 0, 0, 0, 0, 0, 0, 0, 0, 0, 0, 0, 1, 2, 7
"/Users/user/init/1day10k/2022/202301/0109-0116/0111/next-app/package-lock.json", "JSON", 0, 0, 0, 0, 0, 729, 0, 0, 0, 0, 0, 0, 0, 0, 1, 730
"/Users/user/init/1day10k/2022/202301/0109-0116/0111/next-app/package.json", "JSON", 0, 0, 0, 0, 0, 21, 0, 0, 0, 0, 0, 0, 0, 0, 1, 22
"/Users/user/init/1day10k/2022/202301/0109-0116/0111/next-app/pages/_app.tsx", "TypeScript React", 0, 0, 0, 0, 0, 0, 0, 0, 0, 5, 0, 0, 0, 0, 2, 7
"/Users/user/init/1day10k/2022/202301/0109-0116/0111/next-app/pages/_document.tsx", "TypeScript React", 0, 0, 0, 0, 0, 0, 0, 0, 0, 12, 0, 0, 0, 0, 2, 14
"/Users/user/init/1day10k/2022/202301/0109-0116/0111/next-app/pages/api/hello.ts", "TypeScript", 0, 0, 10, 0, 0, 0, 0, 0, 0, 0, 0, 0, 0, 1, 3, 14
"/Users/user/init/1day10k/2022/202301/0109-0116/0111/next-app/pages/componets/about.jsx", "JavaScript React", 0, 0, 0, 9, 0, 0, 0, 0, 0, 0, 0, 0, 0, 0, 4, 13
"/Users/user/init/1day10k/2022/202301/0109-0116/0111/next-app/pages/componets/activelink.jsx", "JavaScript React", 0, 0, 0, 30, 0, 0, 0, 0, 0, 0, 0, 0, 0, 1, 9, 40
"/Users/user/init/1day10k/2022/202301/0109-0116/0111/next-app/pages/componets/test.jsx", "JavaScript React", 0, 0, 0, 13, 0, 0, 0, 0, 0, 0, 0, 0, 0, 1, 5, 19
"/Users/user/init/1day10k/2022/202301/0109-0116/0111/next-app/pages/index.tsx", "TypeScript React", 0, 0, 0, 0, 0, 0, 0, 0, 0, 116, 0, 0, 0, 0, 8, 124
"/Users/user/init/1day10k/2022/202301/0109-0116/0111/next-app/public/next.svg", "XML", 0, 0, 0, 0, 0, 0, 0, 0, 0, 0, 1, 0, 0, 0, 0, 1
"/Users/user/init/1day10k/2022/202301/0109-0116/0111/next-app/public/thirteen.svg", "XML", 0, 0, 0, 0, 0, 0, 0, 0, 0, 0, 1, 0, 0, 0, 0, 1
"/Users/user/init/1day10k/2022/202301/0109-0116/0111/next-app/public/vercel.svg", "XML", 0, 0, 0, 0, 0, 0, 0, 0, 0, 0, 1, 0, 0, 0, 0, 1
"/Users/user/init/1day10k/2022/202301/0109-0116/0111/next-app/styles/Home.module.css", "CSS", 0, 0, 0, 0, 0, 0, 0, 0, 236, 0, 0, 0, 0, 5, 38, 279
"/Users/user/init/1day10k/2022/202301/0109-0116/0111/next-app/styles/globals.css", "CSS", 0, 0, 0, 0, 0, 0, 0, 0, 94, 0, 0, 0, 0, 0, 14, 108
"/Users/user/init/1day10k/2022/202301/0109-0116/0111/next-app/tsconfig.json", "JSON with Comments", 0, 0, 0, 0, 0, 0, 0, 20, 0, 0, 0, 0, 0, 0, 1, 21
"/Users/user/init/1day10k/2022/202301/0109-0116/0111/solidity2/abidecode.sol", "Solidity", 0, 24, 0, 0, 0, 0, 0, 0, 0, 0, 0, 0, 0, 2, 5, 31
"/Users/user/init/1day10k/2022/202301/0109-0116/0111/solidity2/abiencode.sol", "Solidity", 0, 28, 0, 0, 0, 0, 0, 0, 0, 0, 0, 0, 0, 4, 7, 39
"/Users/user/init/1day10k/2022/202301/0109-0116/0111/solidity2/app/DutchAuction.sol", "Solidity", 0, 40, 0, 0, 0, 0, 0, 0, 0, 0, 0, 0, 0, 1, 12, 53
"/Users/user/init/1day10k/2022/202301/0109-0116/0111/solidity2/app/ERC721.sol", "Solidity", 0, 140, 0, 0, 0, 0, 0, 0, 0, 0, 0, 0, 0, 5, 43, 188
"/Users/user/init/1day10k/2022/202301/0109-0116/0111/solidity2/app/EnglishAuction.sol", "Solidity", 0, 64, 0, 0, 0, 0, 0, 0, 0, 0, 0, 0, 0, 1, 21, 86
"/Users/user/init/1day10k/2022/202301/0109-0116/0111/solidity2/app/Vault.sol", "Solidity", 0, 46, 0, 0, 0, 0, 0, 0, 0, 0, 0, 0, 0, 21, 16, 83
"/Users/user/init/1day10k/2022/202301/0109-0116/0111/solidity2/app/staking.sol", "Solidity", 0, 108, 0, 0, 0, 0, 0, 0, 0, 0, 0, 0, 0, 10, 28, 146
"/Users/user/init/1day10k/2022/202301/0109-0116/0111/solidity2/app/valut.sol", "Solidity", 0, 0, 0, 0, 0, 0, 0, 0, 0, 0, 0, 0, 0, 0, 1, 1
"/Users/user/init/1day10k/2022/202301/0109-0116/0111/solidity2/exam.sol", "Solidity", 0, 7, 0, 0, 0, 0, 0, 0, 0, 0, 0, 0, 0, 3, 4, 14
"/Users/user/init/1day10k/2022/202301/0109-0116/0111/solidity2/gas.sol", "Solidity", 0, 18, 0, 0, 0, 0, 0, 0, 0, 0, 0, 0, 0, 22, 8, 48
"/Users/user/init/1day10k/2022/202301/0109-0116/0111/solidity2/loan.sol", "Solidity", 0, 114, 0, 0, 0, 0, 0, 0, 0, 0, 0, 0, 0, 2, 25, 141
"/Users/user/init/1day10k/2022/202301/0109-0116/0111/solidity2/signature.sol", "Solidity", 0, 48, 0, 0, 0, 0, 0, 0, 0, 0, 0, 0, 0, 63, 12, 123
"/Users/user/init/1day10k/2022/202301/0109-0116/0111/solidity2/statement/array.sol", "Solidity", 0, 27, 0, 0, 0, 0, 0, 0, 0, 0, 0, 0, 0, 14, 8, 49
"/Users/user/init/1day10k/2022/202301/0109-0116/0111/solidity2/statement/enum.sol", "Solidity", 0, 23, 0, 0, 0, 0, 0, 0, 0, 0, 0, 0, 0, 13, 6, 42
"/Users/user/init/1day10k/2022/202301/0109-0116/0111/solidity2/statement/for.sol", "Solidity", 0, 17, 0, 0, 0, 0, 0, 0, 0, 0, 0, 0, 0, 5, 2, 24
"/Users/user/init/1day10k/2022/202301/0109-0116/0111/solidity2/statement/keccak256.sol", "Solidity", 0, 23, 0, 0, 0, 0, 0, 0, 0, 0, 0, 0, 0, 7, 4, 34
"/Users/user/init/1day10k/2022/202301/0109-0116/0111/solidity2/statement/mapping.sol", "Solidity", 0, 25, 0, 0, 0, 0, 0, 0, 0, 0, 0, 0, 0, 9, 9, 43
"/Users/user/init/1day10k/2022/202301/0109-0116/0111/solidity2/statement/struct.sol", "Solidity", 0, 27, 0, 0, 0, 0, 0, 0, 0, 0, 0, 0, 0, 11, 10, 48
"/Users/user/init/1day10k/2022/202301/0109-0116/0112/alcmey.sol", "Solidity", 0, 0, 0, 0, 0, 0, 0, 0, 0, 0, 0, 0, 0, 0, 1, 1
"/Users/user/init/1day10k/2022/202301/0109-0116/0112/artifacts/AggregatorV3Interface.json", "JSON", 0, 0, 0, 0, 0, 90, 0, 0, 0, 0, 0, 0, 0, 0, 0, 90
"/Users/user/init/1day10k/2022/202301/0109-0116/0112/artifacts/AggregatorV3Interface_metadata.json", "JSON", 0, 0, 0, 0, 0, 79, 0, 0, 0, 0, 0, 0, 0, 0, 0, 79
"/Users/user/init/1day10k/2022/202301/0109-0116/0112/artifacts/Ballot.json", "JSON", 0, 0, 0, 0, 0, 224, 0, 0, 0, 0, 0, 0, 0, 0, 0, 224
"/Users/user/init/1day10k/2022/202301/0109-0116/0112/artifacts/Ballot_metadata.json", "JSON", 0, 0, 0, 0, 0, 199, 0, 0, 0, 0, 0, 0, 0, 0, 0, 199
"/Users/user/init/1day10k/2022/202301/0109-0116/0112/artifacts/ChainlinkPriceOracle.json", "JSON", 0, 0, 0, 0, 0, 2147, 0, 0, 0, 0, 0, 0, 0, 0, 0, 2147
"/Users/user/init/1day10k/2022/202301/0109-0116/0112/artifacts/ChainlinkPriceOracle_metadata.json", "JSON", 0, 0, 0, 0, 0, 64, 0, 0, 0, 0, 0, 0, 0, 0, 0, 64
"/Users/user/init/1day10k/2022/202301/0109-0116/0112/artifacts/DiscreteStakingRewards.json", "JSON", 0, 0, 0, 0, 0, 4605, 0, 0, 0, 0, 0, 0, 0, 0, 0, 4605
"/Users/user/init/1day10k/2022/202301/0109-0116/0112/artifacts/DiscreteStakingRewards_metadata.json", "JSON", 0, 0, 0, 0, 0, 191, 0, 0, 0, 0, 0, 0, 0, 0, 0, 191
"/Users/user/init/1day10k/2022/202301/0109-0116/0112/artifacts/IERC20.json", "JSON", 0, 0, 0, 0, 0, 245, 0, 0, 0, 0, 0, 0, 0, 0, 0, 245
"/Users/user/init/1day10k/2022/202301/0109-0116/0112/artifacts/IERC20_metadata.json", "JSON", 0, 0, 0, 0, 0, 229, 0, 0, 0, 0, 0, 0, 0, 0, 0, 229
"/Users/user/init/1day10k/2022/202301/0109-0116/0112/artifacts/SimpleAuction.json", "JSON", 0, 0, 0, 0, 0, 210, 0, 0, 0, 0, 0, 0, 0, 0, 0, 210
"/Users/user/init/1day10k/2022/202301/0109-0116/0112/artifacts/SimpleAuction_metadata.json", "JSON", 0, 0, 0, 0, 0, 185, 0, 0, 0, 0, 0, 0, 0, 0, 0, 185
"/Users/user/init/1day10k/2022/202301/0109-0116/0112/examSol/Ballot.sol", "Solidity", 0, 79, 0, 0, 0, 0, 0, 0, 0, 0, 0, 0, 0, 54, 17, 150
"/Users/user/init/1day10k/2022/202301/0109-0116/0112/examSol/artifacts/CSAMM.json", "JSON", 0, 0, 0, 0, 0, 6513, 0, 0, 0, 0, 0, 0, 0, 0, 0, 6513
"/Users/user/init/1day10k/2022/202301/0109-0116/0112/examSol/artifacts/CSAMM_metadata.json", "JSON", 0, 0, 0, 0, 0, 218, 0, 0, 0, 0, 0, 0, 0, 0, 0, 218
"/Users/user/init/1day10k/2022/202301/0109-0116/0112/examSol/artifacts/IERC20.json", "JSON", 0, 0, 0, 0, 0, 245, 0, 0, 0, 0, 0, 0, 0, 0, 0, 245
"/Users/user/init/1day10k/2022/202301/0109-0116/0112/examSol/artifacts/IERC20_metadata.json", "JSON", 0, 0, 0, 0, 0, 229, 0, 0, 0, 0, 0, 0, 0, 0, 0, 229
"/Users/user/init/1day10k/2022/202301/0109-0116/0112/examSol/auction.sol", "Solidity", 0, 52, 0, 0, 0, 0, 0, 0, 0, 0, 0, 0, 0, 59, 19, 130
"/Users/user/init/1day10k/2022/202301/0109-0116/0112/examSol/chainlink.sol", "Solidity", 0, 29, 0, 0, 0, 0, 0, 0, 0, 0, 0, 0, 0, 4, 6, 39
"/Users/user/init/1day10k/2022/202301/0109-0116/0112/examSol/csamm.sol", "Solidity", 0, 85, 0, 0, 0, 0, 0, 0, 0, 0, 0, 0, 0, 32, 31, 148
"/Users/user/init/1day10k/2022/202301/0109-0116/0112/examSol/discrteStaking.sol", "Solidity", 0, 65, 0, 0, 0, 0, 0, 0, 0, 0, 0, 0, 0, 3, 26, 94
"/Users/user/init/1day10k/2022/202301/0109-0116/0112/examSol2/app/DutchAuction.sol", "Solidity", 0, 40, 0, 0, 0, 0, 0, 0, 0, 0, 0, 0, 0, 1, 12, 53
"/Users/user/init/1day10k/2022/202301/0109-0116/0112/examSol2/app/EnglishAuction.sol", "Solidity", 0, 64, 0, 0, 0, 0, 0, 0, 0, 0, 0, 0, 0, 1, 21, 86
"/Users/user/init/1day10k/2022/202301/0109-0116/0112/examSol2/app/signature.sol", "Solidity", 0, 48, 0, 0, 0, 0, 0, 0, 0, 0, 0, 0, 0, 64, 12, 124
"/Users/user/init/1day10k/2022/202301/0109-0116/0112/examSol2/erc/ERC721.sol", "Solidity", 0, 140, 0, 0, 0, 0, 0, 0, 0, 0, 0, 0, 0, 7, 43, 190
"/Users/user/init/1day10k/2022/202301/0109-0116/0112/examSol2/erc/Vault.sol", "Solidity", 0, 46, 0, 0, 0, 0, 0, 0, 0, 0, 0, 0, 0, 22, 16, 84
"/Users/user/init/1day10k/2022/202301/0109-0116/0112/examSol2/erc/loan.sol", "Solidity", 0, 114, 0, 0, 0, 0, 0, 0, 0, 0, 0, 0, 0, 10, 25, 149
"/Users/user/init/1day10k/2022/202301/0109-0116/0112/examSol2/erc/staking.sol", "Solidity", 0, 108, 0, 0, 0, 0, 0, 0, 0, 0, 0, 0, 0, 10, 28, 146
"/Users/user/init/1day10k/2022/202301/0109-0116/0112/examSol2/spec/abidecode.sol", "Solidity", 0, 24, 0, 0, 0, 0, 0, 0, 0, 0, 0, 0, 0, 4, 5, 33
"/Users/user/init/1day10k/2022/202301/0109-0116/0112/examSol2/spec/abiencode.sol", "Solidity", 0, 28, 0, 0, 0, 0, 0, 0, 0, 0, 0, 0, 0, 5, 7, 40
"/Users/user/init/1day10k/2022/202301/0109-0116/0112/examSol2/spec/gas.sol", "Solidity", 0, 18, 0, 0, 0, 0, 0, 0, 0, 0, 0, 0, 0, 24, 8, 50
"/Users/user/init/1day10k/2022/202301/0109-0116/0112/examSol2/spec/keccak256.sol", "Solidity", 0, 23, 0, 0, 0, 0, 0, 0, 0, 0, 0, 0, 0, 11, 5, 39
"/Users/user/init/1day10k/2022/202301/0109-0116/0112/examSol2/statement/array.sol", "Solidity", 0, 27, 0, 0, 0, 0, 0, 0, 0, 0, 0, 0, 0, 14, 8, 49
"/Users/user/init/1day10k/2022/202301/0109-0116/0112/examSol2/statement/enum.sol", "Solidity", 0, 23, 0, 0, 0, 0, 0, 0, 0, 0, 0, 0, 0, 14, 6, 43
"/Users/user/init/1day10k/2022/202301/0109-0116/0112/examSol2/statement/for.sol", "Solidity", 0, 17, 0, 0, 0, 0, 0, 0, 0, 0, 0, 0, 0, 5, 2, 24
"/Users/user/init/1day10k/2022/202301/0109-0116/0112/examSol2/statement/mapping.sol", "Solidity", 0, 25, 0, 0, 0, 0, 0, 0, 0, 0, 0, 0, 0, 9, 9, 43
"/Users/user/init/1day10k/2022/202301/0109-0116/0112/examSol2/statement/struct.sol", "Solidity", 0, 27, 0, 0, 0, 0, 0, 0, 0, 0, 0, 0, 0, 11, 10, 48
"/Users/user/init/1day10k/2022/202301/0109-0116/0112/mvc/api/doc.sol", "Solidity", 0, 0, 0, 0, 0, 0, 0, 0, 0, 0, 0, 0, 0, 0, 1, 1
"/Users/user/init/1day10k/2022/202301/0109-0116/0112/mvc/api/exam.sol", "Solidity", 0, 0, 0, 0, 0, 0, 0, 0, 0, 0, 0, 0, 0, 0, 1, 1
"/Users/user/init/1day10k/2022/202301/0109-0116/0112/mvc/orm/ethers.js", "JavaScript", 13, 0, 0, 0, 0, 0, 0, 0, 0, 0, 0, 0, 0, 14, 16, 43
"/Users/user/init/1day10k/2022/202301/0109-0116/0112/mvc/orm/metamsk.js", "JavaScript", 42, 0, 0, 0, 0, 0, 0, 0, 0, 0, 0, 0, 0, 14, 14, 70
"/Users/user/init/1day10k/2022/202301/0109-0116/0112/mvc/solDoc3.sol", "Solidity", 0, 1268, 0, 0, 0, 0, 0, 0, 0, 0, 0, 0, 0, 280, 294, 1842
"/Users/user/init/1day10k/2022/202301/0109-0116/0112/mvc/view/next.jsx", "JavaScript React", 0, 0, 0, 415, 0, 0, 0, 0, 0, 0, 0, 0, 0, 29, 100, 544
"/Users/user/init/1day10k/2022/202301/0109-0116/0112/mvc/view/react.jsx", "JavaScript React", 0, 0, 0, 68, 0, 0, 0, 0, 0, 0, 0, 0, 0, 16, 22, 106
"/Users/user/init/1day10k/2022/202301/0109-0116/0112/mvc/view/recoil.jsx", "JavaScript React", 0, 0, 0, 463, 0, 0, 0, 0, 0, 0, 0, 0, 0, 57, 95, 615
"/Users/user/init/1day10k/2022/202301/0109-0116/0112/next-app/README.md", "Markdown", 0, 0, 0, 0, 21, 0, 0, 0, 0, 0, 0, 0, 0, 0, 16, 37
"/Users/user/init/1day10k/2022/202301/0109-0116/0112/next-app/next.config.js", "JavaScript", 4, 0, 0, 0, 0, 0, 0, 0, 0, 0, 0, 0, 0, 1, 2, 7
"/Users/user/init/1day10k/2022/202301/0109-0116/0112/next-app/package-lock.json", "JSON", 0, 0, 0, 0, 0, 729, 0, 0, 0, 0, 0, 0, 0, 0, 1, 730
"/Users/user/init/1day10k/2022/202301/0109-0116/0112/next-app/package.json", "JSON", 0, 0, 0, 0, 0, 21, 0, 0, 0, 0, 0, 0, 0, 0, 1, 22
"/Users/user/init/1day10k/2022/202301/0109-0116/0112/next-app/pages/_app.tsx", "TypeScript React", 0, 0, 0, 0, 0, 0, 0, 0, 0, 5, 0, 0, 0, 0, 2, 7
"/Users/user/init/1day10k/2022/202301/0109-0116/0112/next-app/pages/_document.tsx", "TypeScript React", 0, 0, 0, 0, 0, 0, 0, 0, 0, 12, 0, 0, 0, 0, 2, 14
"/Users/user/init/1day10k/2022/202301/0109-0116/0112/next-app/pages/api/hello.ts", "TypeScript", 0, 0, 10, 0, 0, 0, 0, 0, 0, 0, 0, 0, 0, 1, 3, 14
"/Users/user/init/1day10k/2022/202301/0109-0116/0112/next-app/pages/index.tsx", "TypeScript React", 0, 0, 0, 0, 0, 0, 0, 0, 0, 116, 0, 0, 0, 0, 8, 124
"/Users/user/init/1day10k/2022/202301/0109-0116/0112/next-app/public/next.svg", "XML", 0, 0, 0, 0, 0, 0, 0, 0, 0, 0, 1, 0, 0, 0, 0, 1
"/Users/user/init/1day10k/2022/202301/0109-0116/0112/next-app/public/thirteen.svg", "XML", 0, 0, 0, 0, 0, 0, 0, 0, 0, 0, 1, 0, 0, 0, 0, 1
"/Users/user/init/1day10k/2022/202301/0109-0116/0112/next-app/public/vercel.svg", "XML", 0, 0, 0, 0, 0, 0, 0, 0, 0, 0, 1, 0, 0, 0, 0, 1
"/Users/user/init/1day10k/2022/202301/0109-0116/0112/next-app/styles/Home.module.css", "CSS", 0, 0, 0, 0, 0, 0, 0, 0, 236, 0, 0, 0, 0, 5, 38, 279
"/Users/user/init/1day10k/2022/202301/0109-0116/0112/next-app/styles/globals.css", "CSS", 0, 0, 0, 0, 0, 0, 0, 0, 94, 0, 0, 0, 0, 0, 14, 108
"/Users/user/init/1day10k/2022/202301/0109-0116/0112/next-app/tsconfig.json", "JSON with Comments", 0, 0, 0, 0, 0, 0, 0, 20, 0, 0, 0, 0, 0, 0, 1, 21
"/Users/user/init/1day10k/2022/202301/0109-0116/0112/sol/chainlink.sol", "Solidity", 0, 44, 0, 0, 0, 0, 0, 0, 0, 0, 0, 0, 0, 12, 9, 65
"/Users/user/init/1day10k/2022/202301/0109-0116/0112/sol/doc.sol", "Solidity", 0, 54, 0, 0, 0, 0, 0, 0, 0, 0, 0, 0, 0, 15, 14, 83
"/Users/user/init/1day10k/2022/202301/0109-0116/0112/sol/doc2.sol", "Solidity", 0, 80, 0, 0, 0, 0, 0, 0, 0, 0, 0, 0, 0, 16, 18, 114
"/Users/user/init/1day10k/2022/202301/0109-0116/0112/sol/micropay.sol", "Solidity", 0, 70, 0, 0, 0, 0, 0, 0, 0, 0, 0, 0, 0, 17, 12, 99
"/Users/user/init/1day10k/2022/202301/0109-0116/0112/sol/test.yul", "Yul", 0, 0, 0, 0, 0, 0, 0, 0, 0, 0, 0, 0, 111, 26, 15, 152
"/Users/user/init/1day10k/2022/202301/0109-0116/0112/sol/zep.sol", "Solidity", 0, 6, 0, 0, 0, 0, 0, 0, 0, 0, 0, 0, 0, 2, 5, 13
"/Users/user/init/1day10k/2022/202301/0109-0116/0112/type.ts", "TypeScript", 0, 0, 1, 0, 0, 0, 0, 0, 0, 0, 0, 0, 0, 0, 1, 2
"/Users/user/init/1day10k/2022/202301/0109-0116/0113/api/doc.sol", "Solidity", 0, 0, 0, 0, 0, 0, 0, 0, 0, 0, 0, 0, 0, 0, 1, 1
"/Users/user/init/1day10k/2022/202301/0109-0116/0113/api/exam.sol", "Solidity", 0, 0, 0, 0, 0, 0, 0, 0, 0, 0, 0, 0, 0, 0, 1, 1
"/Users/user/init/1day10k/2022/202301/0109-0116/0113/doc2.sol", "Solidity", 0, 708, 0, 0, 0, 0, 0, 0, 0, 0, 0, 0, 0, 140, 149, 997
"/Users/user/init/1day10k/2022/202301/0109-0116/0113/ethers.js", "JavaScript", 128, 0, 0, 0, 0, 0, 0, 0, 0, 0, 0, 0, 0, 443, 99, 670
"/Users/user/init/1day10k/2022/202301/0109-0116/0113/metamask.js", "JavaScript", 86, 0, 0, 0, 0, 0, 0, 0, 0, 0, 0, 0, 0, 46, 26, 158
"/Users/user/init/1day10k/2022/202301/0109-0116/0113/next-app/README.md", "Markdown", 0, 0, 0, 0, 21, 0, 0, 0, 0, 0, 0, 0, 0, 0, 16, 37
"/Users/user/init/1day10k/2022/202301/0109-0116/0113/next-app/next.config.js", "JavaScript", 4, 0, 0, 0, 0, 0, 0, 0, 0, 0, 0, 0, 0, 1, 2, 7
"/Users/user/init/1day10k/2022/202301/0109-0116/0113/next-app/package-lock.json", "JSON", 0, 0, 0, 0, 0, 729, 0, 0, 0, 0, 0, 0, 0, 0, 1, 730
"/Users/user/init/1day10k/2022/202301/0109-0116/0113/next-app/package.json", "JSON", 0, 0, 0, 0, 0, 21, 0, 0, 0, 0, 0, 0, 0, 0, 1, 22
"/Users/user/init/1day10k/2022/202301/0109-0116/0113/next-app/pages/_app.tsx", "TypeScript React", 0, 0, 0, 0, 0, 0, 0, 0, 0, 5, 0, 0, 0, 0, 2, 7
"/Users/user/init/1day10k/2022/202301/0109-0116/0113/next-app/pages/_document.tsx", "TypeScript React", 0, 0, 0, 0, 0, 0, 0, 0, 0, 12, 0, 0, 0, 0, 2, 14
"/Users/user/init/1day10k/2022/202301/0109-0116/0113/next-app/pages/api/hello.ts", "TypeScript", 0, 0, 10, 0, 0, 0, 0, 0, 0, 0, 0, 0, 0, 1, 3, 14
"/Users/user/init/1day10k/2022/202301/0109-0116/0113/next-app/pages/index.tsx", "TypeScript React", 0, 0, 0, 0, 0, 0, 0, 0, 0, 116, 0, 0, 0, 0, 8, 124
"/Users/user/init/1day10k/2022/202301/0109-0116/0113/next-app/public/next.svg", "XML", 0, 0, 0, 0, 0, 0, 0, 0, 0, 0, 1, 0, 0, 0, 0, 1
"/Users/user/init/1day10k/2022/202301/0109-0116/0113/next-app/public/thirteen.svg", "XML", 0, 0, 0, 0, 0, 0, 0, 0, 0, 0, 1, 0, 0, 0, 0, 1
"/Users/user/init/1day10k/2022/202301/0109-0116/0113/next-app/public/vercel.svg", "XML", 0, 0, 0, 0, 0, 0, 0, 0, 0, 0, 1, 0, 0, 0, 0, 1
"/Users/user/init/1day10k/2022/202301/0109-0116/0113/next-app/styles/Home.module.css", "CSS", 0, 0, 0, 0, 0, 0, 0, 0, 236, 0, 0, 0, 0, 5, 38, 279
"/Users/user/init/1day10k/2022/202301/0109-0116/0113/next-app/styles/globals.css", "CSS", 0, 0, 0, 0, 0, 0, 0, 0, 94, 0, 0, 0, 0, 0, 14, 108
"/Users/user/init/1day10k/2022/202301/0109-0116/0113/next-app/tsconfig.json", "JSON with Comments", 0, 0, 0, 0, 0, 0, 0, 20, 0, 0, 0, 0, 0, 0, 1, 21
"/Users/user/init/1day10k/2022/202301/0109-0116/0113/next.jsx", "JavaScript React", 0, 0, 0, 155, 0, 0, 0, 0, 0, 0, 0, 0, 0, 23, 46, 224
"/Users/user/init/1day10k/2022/202301/0109-0116/0113/orm/ethers.js", "JavaScript", 0, 0, 0, 0, 0, 0, 0, 0, 0, 0, 0, 0, 0, 0, 1, 1
"/Users/user/init/1day10k/2022/202301/0109-0116/0113/orm/nft.js", "JavaScript", 34, 0, 0, 0, 0, 0, 0, 0, 0, 0, 0, 0, 0, 31, 12, 77
"/Users/user/init/1day10k/2022/202301/0109-0116/0113/orm/storeDirectory.mjs", "JavaScript", 27, 0, 0, 0, 0, 0, 0, 0, 0, 0, 0, 0, 0, 3, 8, 38
"/Users/user/init/1day10k/2022/202301/0109-0116/0113/solidity/artifacts/Balances.json", "JSON", 0, 0, 0, 0, 0, 63, 0, 0, 0, 0, 0, 0, 0, 0, 0, 63
"/Users/user/init/1day10k/2022/202301/0109-0116/0113/solidity/artifacts/Balances_metadata.json", "JSON", 0, 0, 0, 0, 0, 44, 0, 0, 0, 0, 0, 0, 0, 0, 0, 44
"/Users/user/init/1day10k/2022/202301/0109-0116/0113/solidity/artifacts/Ballot.json", "JSON", 0, 0, 0, 0, 0, 8035, 0, 0, 0, 0, 0, 0, 0, 0, 0, 8035
"/Users/user/init/1day10k/2022/202301/0109-0116/0113/solidity/artifacts/Ballot_metadata.json", "JSON", 0, 0, 0, 0, 0, 207, 0, 0, 0, 0, 0, 0, 0, 0, 0, 207
"/Users/user/init/1day10k/2022/202301/0109-0116/0113/solidity/artifacts/BlindAuction.json", "JSON", 0, 0, 0, 0, 0, 7873, 0, 0, 0, 0, 0, 0, 0, 0, 0, 7873
"/Users/user/init/1day10k/2022/202301/0109-0116/0113/solidity/artifacts/BlindAuction_metadata.json", "JSON", 0, 0, 0, 0, 0, 299, 0, 0, 0, 0, 0, 0, 0, 0, 0, 299
"/Users/user/init/1day10k/2022/202301/0109-0116/0113/solidity/artifacts/Purchase.json", "JSON", 0, 0, 0, 0, 0, 2310, 0, 0, 0, 0, 0, 0, 0, 0, 0, 2310
"/Users/user/init/1day10k/2022/202301/0109-0116/0113/solidity/artifacts/Purchase_metadata.json", "JSON", 0, 0, 0, 0, 0, 209, 0, 0, 0, 0, 0, 0, 0, 0, 0, 209
"/Users/user/init/1day10k/2022/202301/0109-0116/0113/solidity/artifacts/ReceiverPays.json", "JSON", 0, 0, 0, 0, 0, 4240, 0, 0, 0, 0, 0, 0, 0, 0, 0, 4240
"/Users/user/init/1day10k/2022/202301/0109-0116/0113/solidity/artifacts/ReceiverPays_metadata.json", "JSON", 0, 0, 0, 0, 0, 84, 0, 0, 0, 0, 0, 0, 0, 0, 0, 84
"/Users/user/init/1day10k/2022/202301/0109-0116/0113/solidity/artifacts/SimpleAuction.json", "JSON", 0, 0, 0, 0, 0, 3063, 0, 0, 0, 0, 0, 0, 0, 0, 0, 3063
"/Users/user/init/1day10k/2022/202301/0109-0116/0113/solidity/artifacts/SimpleAuction_metadata.json", "JSON", 0, 0, 0, 0, 0, 239, 0, 0, 0, 0, 0, 0, 0, 0, 0, 239
"/Users/user/init/1day10k/2022/202301/0109-0116/0113/solidity/artifacts/SimplePaymentChannel.json", "JSON", 0, 0, 0, 0, 0, 5858, 0, 0, 0, 0, 0, 0, 0, 0, 0, 5858
"/Users/user/init/1day10k/2022/202301/0109-0116/0113/solidity/artifacts/SimplePaymentChannel_metadata.json", "JSON", 0, 0, 0, 0, 0, 148, 0, 0, 0, 0, 0, 0, 0, 0, 0, 148
"/Users/user/init/1day10k/2022/202301/0109-0116/0113/solidity/artifacts/Token.json", "JSON", 0, 0, 0, 0, 0, 3308, 0, 0, 0, 0, 0, 0, 0, 0, 0, 3308
"/Users/user/init/1day10k/2022/202301/0109-0116/0113/solidity/artifacts/Token_metadata.json", "JSON", 0, 0, 0, 0, 0, 191, 0, 0, 0, 0, 0, 0, 0, 0, 0, 191
"/Users/user/init/1day10k/2022/202301/0109-0116/0113/solidity/exam.sol", "Solidity", 0, 448, 0, 0, 0, 0, 0, 0, 0, 0, 0, 0, 0, 131, 109, 688
"/Users/user/init/1day10k/2022/202301/0109-0116/0113/solidity/exam2.sol", "Solidity", 0, 842, 0, 0, 0, 0, 0, 0, 0, 0, 0, 0, 0, 175, 173, 1190
"/Users/user/init/1day10k/2022/202301/0109-0116/0113/view/next.jsx", "JavaScript React", 0, 0, 0, 0, 0, 0, 0, 0, 0, 0, 0, 0, 0, 0, 1, 1
"/Users/user/init/1day10k/2022/202301/0109-0116/0113/view/react.jsx", "JavaScript React", 0, 0, 0, 132, 0, 0, 0, 0, 0, 0, 0, 0, 0, 19, 30, 181
"/Users/user/init/1day10k/2022/202301/0109-0116/0113/view/recoil.jsx", "JavaScript React", 0, 0, 0, 272, 0, 0, 0, 0, 0, 0, 0, 0, 0, 14, 60, 346
"/Users/user/init/1day10k/2022/202301/0109-0116/0114/api/doc.sol", "Solidity", 0, 0, 0, 0, 0, 0, 0, 0, 0, 0, 0, 0, 0, 0, 1, 1
"/Users/user/init/1day10k/2022/202301/0109-0116/0114/api/exam.sol", "Solidity", 0, 0, 0, 0, 0, 0, 0, 0, 0, 0, 0, 0, 0, 0, 1, 1
"/Users/user/init/1day10k/2022/202301/0109-0116/0114/ethers.js", "JavaScript", 0, 0, 0, 0, 0, 0, 0, 0, 0, 0, 0, 0, 0, 0, 1, 1
"/Users/user/init/1day10k/2022/202301/0109-0116/0114/example.sol", "Solidity", 0, 1378, 0, 0, 0, 0, 0, 0, 0, 0, 0, 0, 0, 269, 386, 2033
"/Users/user/init/1day10k/2022/202301/0109-0116/0114/next-app/README.md", "Markdown", 0, 0, 0, 0, 21, 0, 0, 0, 0, 0, 0, 0, 0, 0, 16, 37
"/Users/user/init/1day10k/2022/202301/0109-0116/0114/next-app/next.config.js", "JavaScript", 4, 0, 0, 0, 0, 0, 0, 0, 0, 0, 0, 0, 0, 1, 2, 7
"/Users/user/init/1day10k/2022/202301/0109-0116/0114/next-app/package-lock.json", "JSON", 0, 0, 0, 0, 0, 729, 0, 0, 0, 0, 0, 0, 0, 0, 1, 730
"/Users/user/init/1day10k/2022/202301/0109-0116/0114/next-app/package.json", "JSON", 0, 0, 0, 0, 0, 21, 0, 0, 0, 0, 0, 0, 0, 0, 1, 22
"/Users/user/init/1day10k/2022/202301/0109-0116/0114/next-app/pages/_app.tsx", "TypeScript React", 0, 0, 0, 0, 0, 0, 0, 0, 0, 5, 0, 0, 0, 0, 2, 7
"/Users/user/init/1day10k/2022/202301/0109-0116/0114/next-app/pages/_document.tsx", "TypeScript React", 0, 0, 0, 0, 0, 0, 0, 0, 0, 12, 0, 0, 0, 0, 2, 14
"/Users/user/init/1day10k/2022/202301/0109-0116/0114/next-app/pages/api/hello.ts", "TypeScript", 0, 0, 10, 0, 0, 0, 0, 0, 0, 0, 0, 0, 0, 1, 3, 14
"/Users/user/init/1day10k/2022/202301/0109-0116/0114/next-app/pages/index.tsx", "TypeScript React", 0, 0, 0, 0, 0, 0, 0, 0, 0, 116, 0, 0, 0, 0, 8, 124
"/Users/user/init/1day10k/2022/202301/0109-0116/0114/next-app/public/next.svg", "XML", 0, 0, 0, 0, 0, 0, 0, 0, 0, 0, 1, 0, 0, 0, 0, 1
"/Users/user/init/1day10k/2022/202301/0109-0116/0114/next-app/public/thirteen.svg", "XML", 0, 0, 0, 0, 0, 0, 0, 0, 0, 0, 1, 0, 0, 0, 0, 1
"/Users/user/init/1day10k/2022/202301/0109-0116/0114/next-app/public/vercel.svg", "XML", 0, 0, 0, 0, 0, 0, 0, 0, 0, 0, 1, 0, 0, 0, 0, 1
"/Users/user/init/1day10k/2022/202301/0109-0116/0114/next-app/styles/Home.module.css", "CSS", 0, 0, 0, 0, 0, 0, 0, 0, 236, 0, 0, 0, 0, 5, 38, 279
"/Users/user/init/1day10k/2022/202301/0109-0116/0114/next-app/styles/globals.css", "CSS", 0, 0, 0, 0, 0, 0, 0, 0, 94, 0, 0, 0, 0, 0, 14, 108
"/Users/user/init/1day10k/2022/202301/0109-0116/0114/next-app/tsconfig.json", "JSON with Comments", 0, 0, 0, 0, 0, 0, 0, 20, 0, 0, 0, 0, 0, 0, 1, 21
"/Users/user/init/1day10k/2022/202301/0109-0116/0114/next.jsx", "JavaScript React", 0, 0, 0, 250, 0, 0, 0, 0, 0, 0, 0, 0, 0, 21, 68, 339
"/Users/user/init/1day10k/2022/202301/0109-0116/0114/orm/ethers.js", "JavaScript", 0, 0, 0, 0, 0, 0, 0, 0, 0, 0, 0, 0, 0, 0, 1, 1
"/Users/user/init/1day10k/2022/202301/0109-0116/0114/orm/metamsk.js", "JavaScript", 0, 0, 0, 0, 0, 0, 0, 0, 0, 0, 0, 0, 0, 0, 1, 1
"/Users/user/init/1day10k/2022/202301/0109-0116/0114/solDoc.sol", "Solidity", 0, 1312, 0, 0, 0, 0, 0, 0, 0, 0, 0, 0, 0, 302, 277, 1891
"/Users/user/init/1day10k/2022/202301/0109-0116/0114/view/next.jsx", "JavaScript React", 0, 0, 0, 0, 0, 0, 0, 0, 0, 0, 0, 0, 0, 0, 1, 1
"/Users/user/init/1day10k/2022/202301/0109-0116/0114/view/react.jsx", "JavaScript React", 0, 0, 0, 97, 0, 0, 0, 0, 0, 0, 0, 0, 0, 16, 25, 138
"/Users/user/init/1day10k/2022/202301/0109-0116/0114/view/recoil.jsx", "JavaScript React", 0, 0, 0, 453, 0, 0, 0, 0, 0, 0, 0, 0, 0, 32, 106, 591
"/Users/user/init/1day10k/2022/202301/0109-0116/0115/api/doc.sol", "Solidity", 0, 0, 0, 0, 0, 0, 0, 0, 0, 0, 0, 0, 0, 0, 1, 1
"/Users/user/init/1day10k/2022/202301/0109-0116/0115/api/exam.sol", "Solidity", 0, 0, 0, 0, 0, 0, 0, 0, 0, 0, 0, 0, 0, 0, 1, 1
"/Users/user/init/1day10k/2022/202301/0109-0116/0115/doc.sol", "Solidity", 0, 1200, 0, 0, 0, 0, 0, 0, 0, 0, 0, 0, 0, 286, 257, 1743
"/Users/user/init/1day10k/2022/202301/0109-0116/0115/doc2.sol", "Solidity", 0, 993, 0, 0, 0, 0, 0, 0, 0, 0, 0, 0, 0, 184, 207, 1384
"/Users/user/init/1day10k/2022/202301/0109-0116/0115/ethers.js", "JavaScript", 0, 0, 0, 0, 0, 0, 0, 0, 0, 0, 0, 0, 0, 0, 1, 1
"/Users/user/init/1day10k/2022/202301/0109-0116/0115/exam.sol", "Solidity", 0, 573, 0, 0, 0, 0, 0, 0, 0, 0, 0, 0, 0, 41, 147, 761
"/Users/user/init/1day10k/2022/202301/0109-0116/0115/exam2.sol", "Solidity", 0, 1048, 0, 0, 0, 0, 0, 0, 0, 0, 0, 0, 0, 46, 238, 1332
"/Users/user/init/1day10k/2022/202301/0109-0116/0115/next-app/README.md", "Markdown", 0, 0, 0, 0, 21, 0, 0, 0, 0, 0, 0, 0, 0, 0, 16, 37
"/Users/user/init/1day10k/2022/202301/0109-0116/0115/next-app/next.config.js", "JavaScript", 4, 0, 0, 0, 0, 0, 0, 0, 0, 0, 0, 0, 0, 1, 2, 7
"/Users/user/init/1day10k/2022/202301/0109-0116/0115/next-app/package-lock.json", "JSON", 0, 0, 0, 0, 0, 729, 0, 0, 0, 0, 0, 0, 0, 0, 1, 730
"/Users/user/init/1day10k/2022/202301/0109-0116/0115/next-app/package.json", "JSON", 0, 0, 0, 0, 0, 21, 0, 0, 0, 0, 0, 0, 0, 0, 1, 22
"/Users/user/init/1day10k/2022/202301/0109-0116/0115/next-app/pages/_app.tsx", "TypeScript React", 0, 0, 0, 0, 0, 0, 0, 0, 0, 5, 0, 0, 0, 0, 2, 7
"/Users/user/init/1day10k/2022/202301/0109-0116/0115/next-app/pages/_document.tsx", "TypeScript React", 0, 0, 0, 0, 0, 0, 0, 0, 0, 12, 0, 0, 0, 0, 2, 14
"/Users/user/init/1day10k/2022/202301/0109-0116/0115/next-app/pages/api/hello.ts", "TypeScript", 0, 0, 10, 0, 0, 0, 0, 0, 0, 0, 0, 0, 0, 1, 3, 14
"/Users/user/init/1day10k/2022/202301/0109-0116/0115/next-app/pages/index.tsx", "TypeScript React", 0, 0, 0, 0, 0, 0, 0, 0, 0, 116, 0, 0, 0, 0, 8, 124
"/Users/user/init/1day10k/2022/202301/0109-0116/0115/next-app/public/next.svg", "XML", 0, 0, 0, 0, 0, 0, 0, 0, 0, 0, 1, 0, 0, 0, 0, 1
"/Users/user/init/1day10k/2022/202301/0109-0116/0115/next-app/public/thirteen.svg", "XML", 0, 0, 0, 0, 0, 0, 0, 0, 0, 0, 1, 0, 0, 0, 0, 1
"/Users/user/init/1day10k/2022/202301/0109-0116/0115/next-app/public/vercel.svg", "XML", 0, 0, 0, 0, 0, 0, 0, 0, 0, 0, 1, 0, 0, 0, 0, 1
"/Users/user/init/1day10k/2022/202301/0109-0116/0115/next-app/styles/Home.module.css", "CSS", 0, 0, 0, 0, 0, 0, 0, 0, 236, 0, 0, 0, 0, 5, 38, 279
"/Users/user/init/1day10k/2022/202301/0109-0116/0115/next-app/styles/globals.css", "CSS", 0, 0, 0, 0, 0, 0, 0, 0, 94, 0, 0, 0, 0, 0, 14, 108
"/Users/user/init/1day10k/2022/202301/0109-0116/0115/next-app/tsconfig.json", "JSON with Comments", 0, 0, 0, 0, 0, 0, 0, 20, 0, 0, 0, 0, 0, 0, 1, 21
"/Users/user/init/1day10k/2022/202301/0109-0116/0115/orm/ethers.js", "JavaScript", 0, 0, 0, 0, 0, 0, 0, 0, 0, 0, 0, 0, 0, 0, 1, 1
"/Users/user/init/1day10k/2022/202301/0109-0116/0115/orm/metamsk.js", "JavaScript", 0, 0, 0, 0, 0, 0, 0, 0, 0, 0, 0, 0, 0, 0, 1, 1
"/Users/user/init/1day10k/2022/202301/0109-0116/0115/view/next.jsx", "JavaScript React", 0, 0, 0, 579, 0, 0, 0, 0, 0, 0, 0, 0, 0, 46, 153, 778
"/Users/user/init/1day10k/2022/202301/0109-0116/0115/view/react.jsx", "JavaScript React", 0, 0, 0, 129, 0, 0, 0, 0, 0, 0, 0, 0, 0, 17, 31, 177
"/Users/user/init/1day10k/2022/202301/0109-0116/0115/view/recoil.jsx", "JavaScript React", 0, 0, 0, 460, 0, 0, 0, 0, 0, 0, 0, 0, 0, 40, 96, 596
"Total", "-", 653, 12306, 114, 4189, 152, 187767, 0, 120, 1980, 828, 18, 0, 111, 3647, 4933, 216818